epoch,time,train/box_loss,train/seg_loss,train/cls_loss,train/dfl_loss,metrics/precision(B),metrics/recall(B),metrics/mAP50(B),metrics/mAP50-95(B),metrics/precision(M),metrics/recall(M),metrics/mAP50(M),metrics/mAP50-95(M),val/box_loss,val/seg_loss,val/cls_loss,val/dfl_loss,lr/pg0,lr/pg1,lr/pg2
1,5.41581,2.08934,5.08617,3.51758,1.90054,0.00792,0.54942,0.02465,0.01066,0.00888,0.5843,0.0217,0.00981,1.1604,2.56014,3.42928,1.42809,1.667e-05,1.667e-05,1.667e-05
2,10.1091,1.74525,4.00116,3.43822,1.7154,0.00921,0.62597,0.02992,0.01411,0.00882,0.55426,0.02682,0.01236,1.14107,2.48111,3.40365,1.38567,4.9845e-05,4.9845e-05,4.9845e-05
3,15.0266,2.05348,4.58997,3.39604,1.99358,0.00986,0.64922,0.04607,0.02087,0.00951,0.60756,0.04454,0.022,1.13065,2.39015,3.37454,1.34645,8.27999e-05,8.27999e-05,8.27999e-05
4,19.5644,1.76845,3.89924,3.52852,1.83453,0.0099,0.61919,0.05471,0.02886,0.01024,0.66085,0.05725,0.02899,1.132,2.40235,3.31859,1.32945,0.000115535,0.000115535,0.000115535
5,24.2005,2.04545,4.23979,3.38039,1.93784,0.01058,0.67248,0.07192,0.03765,0.01024,0.63081,0.06653,0.03535,1.10684,2.48063,3.28371,1.2868,0.00014805,0.00014805,0.00014805
6,28.7772,1.60432,3.40515,3.30585,1.63818,0.01031,0.66085,0.0854,0.04652,0.00998,0.64922,0.09141,0.04244,1.13594,2.58798,3.25836,1.29608,0.000180344,0.000180344,0.000180344
7,33.3678,1.66307,3.56427,3.29067,1.72284,0.01132,0.72578,0.11692,0.0491,0.01065,0.64244,0.12451,0.04672,1.15733,2.75458,3.23129,1.29678,0.000212419,0.000212419,0.000212419
8,38.0792,1.75961,4.2007,3.05021,1.87748,0.01109,0.68411,0.1284,0.05803,0.01009,0.61919,0.12657,0.04792,1.17204,2.90791,3.21347,1.30053,0.000244274,0.000244274,0.000244274
9,42.6568,1.90645,3.93865,3.23949,1.85608,0.01077,0.64244,0.12892,0.05985,0.01043,0.63081,0.12835,0.04494,1.20527,3.04594,3.22066,1.33557,0.000275909,0.000275909,0.000275909
10,47.4226,1.96997,4.32996,3.19037,2.01491,0.01086,0.64244,0.10052,0.05247,0.01089,0.6124,0.10261,0.04646,1.22202,3.09729,3.20737,1.33796,0.000307323,0.000307323,0.000307323
11,52.1762,1.96716,3.96982,3.05733,1.85897,0.01239,0.71899,0.10734,0.05759,0.01177,0.63566,0.10923,0.05485,1.24225,3.14355,3.1767,1.31878,0.000338518,0.000338518,0.000338518
12,57.0523,2.02427,4.2156,2.89241,1.89078,0.01239,0.71899,0.10734,0.05759,0.01177,0.63566,0.10923,0.05485,1.24225,3.14355,3.1767,1.31878,0.000369492,0.000369492,0.000369492
13,62.0946,1.75004,3.44782,2.84663,1.55677,0.01224,0.71899,0.13105,0.07036,0.01262,0.70058,0.12887,0.07404,1.32854,2.99162,3.10845,1.34253,0.000400247,0.000400247,0.000400247
14,67.115,2.19312,4.1906,3.08756,1.92097,0.01426,0.75904,0.15573,0.07881,0.01312,0.68895,0.15035,0.09136,1.38344,2.82527,3.05969,1.39306,0.000430781,0.000430781,0.000430781
15,71.819,1.68969,3.0425,2.47811,1.55805,0.01426,0.75904,0.15573,0.07881,0.01312,0.68895,0.15035,0.09136,1.38344,2.82527,3.05969,1.39306,0.000461096,0.000461096,0.000461096
16,76.4131,1.97297,3.9352,2.936,1.79549,0.35027,0.12704,0.17264,0.0894,0.35027,0.12704,0.16751,0.09809,1.36537,2.80056,2.98811,1.43164,0.00049119,0.00049119,0.00049119
17,81.1547,1.93263,3.74937,2.79177,1.74831,0.36746,0.12306,0.16316,0.08856,0.36746,0.12306,0.16759,0.09104,1.29597,2.90875,2.9526,1.42122,0.000521064,0.000521064,0.000521064
18,86.0437,2.10835,4.03249,2.80382,1.88571,0.36746,0.12306,0.16316,0.08856,0.36746,0.12306,0.16759,0.09104,1.29597,2.90875,2.9526,1.42122,0.000550718,0.000550718,0.000550718
19,90.4775,1.74264,3.59391,2.54736,1.65271,0.28601,0.12306,0.16891,0.09156,0.28601,0.12306,0.16943,0.07751,1.37635,2.93621,2.91407,1.49135,0.000580153,0.000580153,0.000580153
20,94.9514,1.93986,3.55595,2.58055,1.73471,0.28601,0.12306,0.16891,0.09156,0.28601,0.12306,0.16943,0.07751,1.37635,2.93621,2.91407,1.49135,0.000609367,0.000609367,0.000609367
21,99.522,1.90285,3.8116,2.66477,1.71718,0.29207,0.11143,0.16809,0.08392,0.29207,0.11143,0.14612,0.07011,1.452,3.18149,2.97614,1.56645,0.000638361,0.000638361,0.000638361
22,104.057,2.02994,3.98959,2.61465,1.86276,0.29207,0.11143,0.16809,0.08392,0.29207,0.11143,0.14612,0.07011,1.452,3.18149,2.97614,1.56645,0.000667135,0.000667135,0.000667135
23,108.585,1.95774,3.71363,2.51819,1.68904,0.25295,0.04651,0.13576,0.06943,0.28672,0.04651,0.12177,0.05709,1.55924,3.69862,3.13329,1.69064,0.000695689,0.000695689,0.000695689
24,113,2.17897,4.2966,2.84302,1.97021,0.25295,0.04651,0.13576,0.06943,0.28672,0.04651,0.12177,0.05709,1.55924,3.69862,3.13329,1.69064,0.000724023,0.000724023,0.000724023
25,117.459,2.02959,3.89603,2.77166,1.80433,0.24666,0.03488,0.14746,0.07077,0.32888,0.04651,0.13256,0.06768,1.56625,3.88575,3.11797,1.68412,0.000752137,0.000752137,0.000752137
26,122.004,2.02014,3.74349,2.61902,1.8336,0.24666,0.03488,0.14746,0.07077,0.32888,0.04651,0.13256,0.06768,1.56625,3.88575,3.11797,1.68412,0.000780031,0.000780031,0.000780031
27,126.411,2.14776,4.0573,2.69287,1.97207,0.24666,0.03488,0.14746,0.07077,0.32888,0.04651,0.13256,0.06768,1.56625,3.88575,3.11797,1.68412,0.000807705,0.000807705,0.000807705
28,131.054,1.9494,3.61186,2.43278,1.76735,0.34878,0.10743,0.19088,0.10623,0.3469,0.10544,0.17106,0.10989,1.4818,3.44446,2.88131,1.63707,0.000835159,0.000835159,0.000835159
29,135.594,1.8839,3.78625,2.48993,1.82855,0.34878,0.10743,0.19088,0.10623,0.3469,0.10544,0.17106,0.10989,1.4818,3.44446,2.88131,1.63707,0.000862392,0.000862392,0.000862392
30,140.05,1.7908,3.41524,2.35827,1.73787,0.23855,0.24734,0.23813,0.13118,0.23855,0.24734,0.23282,0.14288,1.47416,2.88231,2.49175,1.5852,0.000889406,0.000889406,0.000889406
31,144.532,1.97441,3.65578,2.44474,1.8364,0.23855,0.24734,0.23813,0.13118,0.23855,0.24734,0.23282,0.14288,1.47416,2.88231,2.49175,1.5852,0.0009162,0.0009162,0.0009162
32,149.19,1.83368,3.58665,2.45158,1.69373,0.23855,0.24734,0.23813,0.13118,0.23855,0.24734,0.23282,0.14288,1.47416,2.88231,2.49175,1.5852,0.000942774,0.000942774,0.000942774
33,153.825,1.96405,3.77508,2.55079,1.82963,0.3113,0.36919,0.29147,0.16633,0.3113,0.36919,0.28467,0.15546,1.4129,3.09525,2.28096,1.51247,0.000969127,0.000969127,0.000969127
34,158.537,2.1598,3.98481,2.57917,1.93793,0.3113,0.36919,0.29147,0.16633,0.3113,0.36919,0.28467,0.15546,1.4129,3.09525,2.28096,1.51247,0.000995261,0.000995261,0.000995261
35,163.23,2.05794,4.06139,2.57011,1.87336,0.3113,0.36919,0.29147,0.16633,0.3113,0.36919,0.28467,0.15546,1.4129,3.09525,2.28096,1.51247,0.00102117,0.00102117,0.00102117
36,167.682,1.91436,3.68884,2.36898,1.78745,0.26312,0.3343,0.27629,0.1599,0.32134,0.28101,0.23263,0.1286,1.43607,3.50333,2.17195,1.5396,0.00104687,0.00104687,0.00104687
37,172.047,1.98538,3.83361,2.60399,1.9332,0.26312,0.3343,0.27629,0.1599,0.32134,0.28101,0.23263,0.1286,1.43607,3.50333,2.17195,1.5396,0.00107234,0.00107234,0.00107234
38,176.359,1.88022,3.74447,2.6606,1.79905,0.26312,0.3343,0.27629,0.1599,0.32134,0.28101,0.23263,0.1286,1.43607,3.50333,2.17195,1.5396,0.00109759,0.00109759,0.00109759
39,180.78,1.80938,3.50199,2.45095,1.68334,0.30217,0.50439,0.29609,0.13796,0.23433,0.38606,0.21631,0.11392,1.48016,3.45662,2.34235,1.59643,0.00112263,0.00112263,0.00112263
40,185.275,1.62233,3.20731,2.28398,1.59168,0.30217,0.50439,0.29609,0.13796,0.23433,0.38606,0.21631,0.11392,1.48016,3.45662,2.34235,1.59643,0.00114744,0.00114744,0.00114744
41,190.264,1.90993,3.57688,2.53248,1.81321,0.30217,0.50439,0.29609,0.13796,0.23433,0.38606,0.21631,0.11392,1.48016,3.45662,2.34235,1.59643,0.00117203,0.00117203,0.00117203
42,194.698,1.66926,3.17837,2.43633,1.59383,0.18372,0.41085,0.23225,0.13666,0.20079,0.41085,0.2239,0.10877,1.43803,3.37087,2.80967,1.55381,0.00119641,0.00119641,0.00119641
43,199.112,1.66888,3.47549,2.32417,1.7086,0.18372,0.41085,0.23225,0.13666,0.20079,0.41085,0.2239,0.10877,1.43803,3.37087,2.80967,1.55381,0.00122056,0.00122056,0.00122056
44,203.318,1.48196,2.78092,2.18002,1.48749,0.18372,0.41085,0.23225,0.13666,0.20079,0.41085,0.2239,0.10877,1.43803,3.37087,2.80967,1.55381,0.00124449,0.00124449,0.00124449
45,207.527,1.85467,3.33391,2.31188,1.75052,0.18372,0.41085,0.23225,0.13666,0.20079,0.41085,0.2239,0.10877,1.43803,3.37087,2.80967,1.55381,0.00126821,0.00126821,0.00126821
46,211.703,1.60494,3.11358,2.50069,1.59134,0.1804,0.42733,0.25435,0.14309,0.20384,0.46899,0.25579,0.12317,1.43406,3.25023,3.51071,1.52684,0.0012917,0.0012917,0.0012917
47,216.185,1.4354,3.02587,2.72864,1.53256,0.1804,0.42733,0.25435,0.14309,0.20384,0.46899,0.25579,0.12317,1.43406,3.25023,3.51071,1.52684,0.00131497,0.00131497,0.00131497
48,220.422,1.61013,3.45069,2.36059,1.62039,0.1804,0.42733,0.25435,0.14309,0.20384,0.46899,0.25579,0.12317,1.43406,3.25023,3.51071,1.52684,0.00133803,0.00133803,0.00133803
49,224.953,1.668,3.4445,2.37635,1.60432,0.1804,0.42733,0.25435,0.14309,0.20384,0.46899,0.25579,0.12317,1.43406,3.25023,3.51071,1.52684,0.00136086,0.00136086,0.00136086
50,229.506,1.84651,3.69532,2.51107,1.78271,0.13431,0.47384,0.25269,0.13684,0.14514,0.49225,0.22889,0.09071,1.37145,3.70119,3.5745,1.46873,0.00138347,0.00138347,0.00138347
51,234.001,1.96336,3.80335,2.56116,1.82665,0.13431,0.47384,0.25269,0.13684,0.14514,0.49225,0.22889,0.09071,1.37145,3.70119,3.5745,1.46873,0.00139195,0.00139195,0.00139195
52,238.518,1.51579,2.78072,2.16022,1.50903,0.13431,0.47384,0.25269,0.13684,0.14514,0.49225,0.22889,0.09071,1.37145,3.70119,3.5745,1.46873,0.00138644,0.00138644,0.00138644
53,243.04,1.85574,3.44314,2.44763,1.69407,0.13431,0.47384,0.25269,0.13684,0.14514,0.49225,0.22889,0.09071,1.37145,3.70119,3.5745,1.46873,0.00138094,0.00138094,0.00138094
54,247.347,1.79572,3.61533,2.45381,1.71954,0.21985,0.43217,0.26888,0.14177,0.21985,0.43217,0.24961,0.11359,1.42226,3.23786,2.86299,1.51891,0.00137544,0.00137544,0.00137544
55,252.068,1.94652,3.85612,2.52392,1.76549,0.21985,0.43217,0.26888,0.14177,0.21985,0.43217,0.24961,0.11359,1.42226,3.23786,2.86299,1.51891,0.00136994,0.00136994,0.00136994
56,256.534,1.91307,3.73466,2.63272,1.85814,0.21985,0.43217,0.26888,0.14177,0.21985,0.43217,0.24961,0.11359,1.42226,3.23786,2.86299,1.51891,0.00136444,0.00136444,0.00136444
57,260.69,1.36433,2.90074,2.87214,1.4045,0.21985,0.43217,0.26888,0.14177,0.21985,0.43217,0.24961,0.11359,1.42226,3.23786,2.86299,1.51891,0.00135894,0.00135894,0.00135894
58,265.263,1.71902,3.4838,2.37364,1.73222,0.25685,0.50683,0.31802,0.18126,0.25363,0.4952,0.30363,0.15286,1.43741,2.88793,2.22463,1.50995,0.00135344,0.00135344,0.00135344
59,269.493,1.54077,3.18411,2.12302,1.4825,0.25685,0.50683,0.31802,0.18126,0.25363,0.4952,0.30363,0.15286,1.43741,2.88793,2.22463,1.50995,0.00134794,0.00134794,0.00134794
60,274.075,1.56797,2.91785,2.22464,1.52378,0.25685,0.50683,0.31802,0.18126,0.25363,0.4952,0.30363,0.15286,1.43741,2.88793,2.22463,1.50995,0.00134244,0.00134244,0.00134244
61,278.563,1.67765,3.29563,2.20444,1.61991,0.25685,0.50683,0.31802,0.18126,0.25363,0.4952,0.30363,0.15286,1.43741,2.88793,2.22463,1.50995,0.00133693,0.00133693,0.00133693
62,283.38,1.62611,2.92143,2.18106,1.52013,0.27455,0.42054,0.32927,0.17887,0.27455,0.42054,0.33282,0.16366,1.433,3.06215,2.13948,1.52237,0.00133143,0.00133143,0.00133143
63,288.072,1.95526,3.62647,2.32041,1.78726,0.27455,0.42054,0.32927,0.17887,0.27455,0.42054,0.33282,0.16366,1.433,3.06215,2.13948,1.52237,0.00132593,0.00132593,0.00132593
64,292.452,1.53218,2.9212,2.31293,1.51524,0.27455,0.42054,0.32927,0.17887,0.27455,0.42054,0.33282,0.16366,1.433,3.06215,2.13948,1.52237,0.00132043,0.00132043,0.00132043
65,296.729,1.67553,3.192,2.16419,1.65243,0.27455,0.42054,0.32927,0.17887,0.27455,0.42054,0.33282,0.16366,1.433,3.06215,2.13948,1.52237,0.00131493,0.00131493,0.00131493
66,301.187,1.67777,3.05231,2.16377,1.64511,0.2287,0.53876,0.32408,0.19718,0.2287,0.53876,0.31855,0.17537,1.31727,2.89946,2.13605,1.4753,0.00130943,0.00130943,0.00130943
67,305.578,1.68635,3.43378,2.29907,1.61257,0.2287,0.53876,0.32408,0.19718,0.2287,0.53876,0.31855,0.17537,1.31727,2.89946,2.13605,1.4753,0.00130393,0.00130393,0.00130393
68,310.15,2.0187,3.98065,2.62475,1.90453,0.2287,0.53876,0.32408,0.19718,0.2287,0.53876,0.31855,0.17537,1.31727,2.89946,2.13605,1.4753,0.00129843,0.00129843,0.00129843
69,314.57,1.74348,3.20753,2.24879,1.67506,0.2287,0.53876,0.32408,0.19718,0.2287,0.53876,0.31855,0.17537,1.31727,2.89946,2.13605,1.4753,0.00129293,0.00129293,0.00129293
70,319.926,1.9872,3.87131,2.49942,1.83489,0.27673,0.4438,0.34983,0.21271,0.37026,0.40891,0.34888,0.18864,1.28362,2.69598,2.15304,1.445,0.00128742,0.00128742,0.00128742
71,324.188,1.7606,3.62962,2.40304,1.73378,0.27673,0.4438,0.34983,0.21271,0.37026,0.40891,0.34888,0.18864,1.28362,2.69598,2.15304,1.445,0.00128192,0.00128192,0.00128192
72,328.885,1.99867,4.0048,2.4666,1.91873,0.27673,0.4438,0.34983,0.21271,0.37026,0.40891,0.34888,0.18864,1.28362,2.69598,2.15304,1.445,0.00127642,0.00127642,0.00127642
73,333.492,1.85316,3.57328,2.31519,1.67834,0.27673,0.4438,0.34983,0.21271,0.37026,0.40891,0.34888,0.18864,1.28362,2.69598,2.15304,1.445,0.00127092,0.00127092,0.00127092
74,337.851,1.66466,3.14347,2.29874,1.64716,0.32304,0.61531,0.46201,0.26781,0.46935,0.37403,0.41526,0.2379,1.20446,2.53714,2.11248,1.36696,0.00126542,0.00126542,0.00126542
75,342.495,2.0948,4.1157,2.56809,1.96388,0.32304,0.61531,0.46201,0.26781,0.46935,0.37403,0.41526,0.2379,1.20446,2.53714,2.11248,1.36696,0.00125992,0.00125992,0.00125992
76,347.339,2.05859,3.92631,2.49887,1.84454,0.32304,0.61531,0.46201,0.26781,0.46935,0.37403,0.41526,0.2379,1.20446,2.53714,2.11248,1.36696,0.00125442,0.00125442,0.00125442
77,351.87,1.9269,3.48723,2.23168,1.82474,0.32304,0.61531,0.46201,0.26781,0.46935,0.37403,0.41526,0.2379,1.20446,2.53714,2.11248,1.36696,0.00124892,0.00124892,0.00124892
78,356.649,1.92441,3.70031,2.4305,1.78328,0.38426,0.67145,0.47127,0.24924,0.50184,0.39449,0.41597,0.19944,1.3142,2.85775,2.20414,1.46608,0.00124342,0.00124342,0.00124342
79,361.304,1.82151,3.69152,2.39282,1.80443,0.38426,0.67145,0.47127,0.24924,0.50184,0.39449,0.41597,0.19944,1.3142,2.85775,2.20414,1.46608,0.00123791,0.00123791,0.00123791
80,365.654,1.7005,3.00089,2.2226,1.6462,0.38426,0.67145,0.47127,0.24924,0.50184,0.39449,0.41597,0.19944,1.3142,2.85775,2.20414,1.46608,0.00123241,0.00123241,0.00123241
81,370.002,1.57004,2.91262,2.12807,1.57859,0.38426,0.67145,0.47127,0.24924,0.50184,0.39449,0.41597,0.19944,1.3142,2.85775,2.20414,1.46608,0.00122691,0.00122691,0.00122691
82,374.649,1.57042,3.04789,1.99899,1.59165,0.34047,0.61531,0.46685,0.22953,0.4356,0.46884,0.41224,0.20219,1.34351,2.72268,2.37605,1.50335,0.00122141,0.00122141,0.00122141
83,379.237,1.88724,3.93989,2.53832,1.87525,0.34047,0.61531,0.46685,0.22953,0.4356,0.46884,0.41224,0.20219,1.34351,2.72268,2.37605,1.50335,0.00121591,0.00121591,0.00121591
84,383.769,1.78573,3.47121,2.32319,1.76402,0.34047,0.61531,0.46685,0.22953,0.4356,0.46884,0.41224,0.20219,1.34351,2.72268,2.37605,1.50335,0.00121041,0.00121041,0.00121041
85,388.813,1.93968,3.88908,2.41963,1.8316,0.34047,0.61531,0.46685,0.22953,0.4356,0.46884,0.41224,0.20219,1.34351,2.72268,2.37605,1.50335,0.00120491,0.00120491,0.00120491
86,393.482,1.71347,3.51964,2.31253,1.606,0.36382,0.53408,0.41311,0.19966,0.39432,0.46221,0.35473,0.17672,1.36478,2.8124,2.88689,1.5402,0.00119941,0.00119941,0.00119941
87,397.766,1.76157,3.18757,2.69268,1.74279,0.36382,0.53408,0.41311,0.19966,0.39432,0.46221,0.35473,0.17672,1.36478,2.8124,2.88689,1.5402,0.00119391,0.00119391,0.00119391
88,402.532,1.67072,3.34006,2.17929,1.66041,0.36382,0.53408,0.41311,0.19966,0.39432,0.46221,0.35473,0.17672,1.36478,2.8124,2.88689,1.5402,0.0011884,0.0011884,0.0011884
89,407.323,1.83187,3.31061,2.24003,1.63891,0.36382,0.53408,0.41311,0.19966,0.39432,0.46221,0.35473,0.17672,1.36478,2.8124,2.88689,1.5402,0.0011829,0.0011829,0.0011829
90,412.15,1.98031,3.75698,2.44579,1.76431,0.53611,0.42733,0.36811,0.18237,0.39422,0.49404,0.36576,0.1835,1.44947,2.82574,2.86453,1.63479,0.0011774,0.0011774,0.0011774
91,416.715,1.64682,3.15287,2.1493,1.64212,0.53611,0.42733,0.36811,0.18237,0.39422,0.49404,0.36576,0.1835,1.44947,2.82574,2.86453,1.63479,0.0011719,0.0011719,0.0011719
92,421.373,1.47654,2.69052,1.98035,1.48968,0.53611,0.42733,0.36811,0.18237,0.39422,0.49404,0.36576,0.1835,1.44947,2.82574,2.86453,1.63479,0.0011664,0.0011664,0.0011664
93,425.748,1.36653,2.577,2.09567,1.40029,0.53611,0.42733,0.36811,0.18237,0.39422,0.49404,0.36576,0.1835,1.44947,2.82574,2.86453,1.63479,0.0011609,0.0011609,0.0011609
94,430.468,1.57809,3.01702,2.12157,1.61681,0.23547,0.54925,0.3207,0.18125,0.23149,0.53863,0.31622,0.1754,1.48369,2.86801,2.5918,1.63836,0.0011554,0.0011554,0.0011554
95,434.927,1.61013,3.00351,2.31202,1.62908,0.23547,0.54925,0.3207,0.18125,0.23149,0.53863,0.31622,0.1754,1.48369,2.86801,2.5918,1.63836,0.0011499,0.0011499,0.0011499
96,439.591,1.51992,2.78564,1.82685,1.44386,0.23547,0.54925,0.3207,0.18125,0.23149,0.53863,0.31622,0.1754,1.48369,2.86801,2.5918,1.63836,0.0011444,0.0011444,0.0011444
97,444.931,1.73104,3.51813,2.07553,1.67655,0.23547,0.54925,0.3207,0.18125,0.23149,0.53863,0.31622,0.1754,1.48369,2.86801,2.5918,1.63836,0.00113889,0.00113889,0.00113889
98,449.624,1.65701,3.20715,2.19806,1.62673,0.25286,0.5155,0.30788,0.18576,0.29486,0.41085,0.32294,0.1796,1.41275,2.66404,2.29617,1.5591,0.00113339,0.00113339,0.00113339
99,454,1.51213,2.79755,2.40816,1.61371,0.25286,0.5155,0.30788,0.18576,0.29486,0.41085,0.32294,0.1796,1.41275,2.66404,2.29617,1.5591,0.00112789,0.00112789,0.00112789
100,458.594,1.60188,2.84776,2.19349,1.56923,0.25286,0.5155,0.30788,0.18576,0.29486,0.41085,0.32294,0.1796,1.41275,2.66404,2.29617,1.5591,0.00112239,0.00112239,0.00112239
101,463.113,1.69089,3.09113,2.08188,1.6567,0.25286,0.5155,0.30788,0.18576,0.29486,0.41085,0.32294,0.1796,1.41275,2.66404,2.29617,1.5591,0.00111689,0.00111689,0.00111689
102,467.819,1.73867,3.85266,2.17031,1.7038,0.35654,0.27595,0.32898,0.22043,0.30178,0.35787,0.34053,0.22152,1.33822,2.45713,2.20137,1.4833,0.00111139,0.00111139,0.00111139
103,472.411,1.52885,2.64404,2.02993,1.4696,0.35654,0.27595,0.32898,0.22043,0.30178,0.35787,0.34053,0.22152,1.33822,2.45713,2.20137,1.4833,0.00110589,0.00110589,0.00110589
104,476.886,1.682,3.68375,2.33615,1.70571,0.35654,0.27595,0.32898,0.22043,0.30178,0.35787,0.34053,0.22152,1.33822,2.45713,2.20137,1.4833,0.00110039,0.00110039,0.00110039
105,481.508,1.80992,3.41594,2.23589,1.73278,0.35654,0.27595,0.32898,0.22043,0.30178,0.35787,0.34053,0.22152,1.33822,2.45713,2.20137,1.4833,0.00109489,0.00109489,0.00109489
106,485.839,1.65235,2.88896,2.44449,1.6392,0.44202,0.31054,0.34608,0.23774,0.44202,0.31054,0.37092,0.25161,1.25917,2.30707,2.05472,1.40745,0.00108938,0.00108938,0.00108938
107,490.353,1.87171,3.48316,2.35158,1.86094,0.44202,0.31054,0.34608,0.23774,0.44202,0.31054,0.37092,0.25161,1.25917,2.30707,2.05472,1.40745,0.00108388,0.00108388,0.00108388
108,494.772,1.57796,3.20003,2.23229,1.61203,0.44202,0.31054,0.34608,0.23774,0.44202,0.31054,0.37092,0.25161,1.25917,2.30707,2.05472,1.40745,0.00107838,0.00107838,0.00107838
109,499.31,1.53507,3.27089,2.14704,1.58006,0.44202,0.31054,0.34608,0.23774,0.44202,0.31054,0.37092,0.25161,1.25917,2.30707,2.05472,1.40745,0.00107288,0.00107288,0.00107288
110,503.767,1.5753,3.23935,2.32247,1.59216,0.58528,0.3127,0.40431,0.2652,0.58528,0.3127,0.41123,0.27991,1.18841,2.1147,1.9071,1.31835,0.00106738,0.00106738,0.00106738
111,508.282,1.8121,3.2464,2.33746,1.74195,0.58528,0.3127,0.40431,0.2652,0.58528,0.3127,0.41123,0.27991,1.18841,2.1147,1.9071,1.31835,0.00106188,0.00106188,0.00106188
112,512.848,1.5747,3.13386,2.2206,1.55002,0.58528,0.3127,0.40431,0.2652,0.58528,0.3127,0.41123,0.27991,1.18841,2.1147,1.9071,1.31835,0.00105638,0.00105638,0.00105638
113,517.572,1.83713,3.83323,2.28253,1.75967,0.58528,0.3127,0.40431,0.2652,0.58528,0.3127,0.41123,0.27991,1.18841,2.1147,1.9071,1.31835,0.00105088,0.00105088,0.00105088
114,522.135,1.23055,2.50809,2.15303,1.32151,0.44915,0.52229,0.51166,0.31545,0.44915,0.52229,0.51594,0.3414,1.2224,2.03079,1.84257,1.32683,0.00104538,0.00104538,0.00104538
115,526.556,1.25999,2.55772,2.0032,1.45784,0.44915,0.52229,0.51166,0.31545,0.44915,0.52229,0.51594,0.3414,1.2224,2.03079,1.84257,1.32683,0.00103987,0.00103987,0.00103987
116,531.225,1.49822,2.89302,2.36417,1.53674,0.44915,0.52229,0.51166,0.31545,0.44915,0.52229,0.51594,0.3414,1.2224,2.03079,1.84257,1.32683,0.00103437,0.00103437,0.00103437
117,535.95,1.77013,3.41287,2.24798,1.66139,0.44915,0.52229,0.51166,0.31545,0.44915,0.52229,0.51594,0.3414,1.2224,2.03079,1.84257,1.32683,0.00102887,0.00102887,0.00102887
118,540.937,1.74881,3.31598,2.12724,1.77646,0.53081,0.55233,0.54377,0.31639,0.53081,0.55233,0.54785,0.34427,1.20409,1.98162,1.9847,1.29954,0.00102337,0.00102337,0.00102337
119,545.547,1.3527,2.40218,1.77482,1.38273,0.53081,0.55233,0.54377,0.31639,0.53081,0.55233,0.54785,0.34427,1.20409,1.98162,1.9847,1.29954,0.00101787,0.00101787,0.00101787
120,550.182,1.70277,3.30848,2.13458,1.63727,0.53081,0.55233,0.54377,0.31639,0.53081,0.55233,0.54785,0.34427,1.20409,1.98162,1.9847,1.29954,0.00101237,0.00101237,0.00101237
121,555.131,1.72295,3.29995,2.13874,1.63383,0.53081,0.55233,0.54377,0.31639,0.53081,0.55233,0.54785,0.34427,1.20409,1.98162,1.9847,1.29954,0.00100687,0.00100687,0.00100687
122,560.258,1.74337,3.37951,2.12497,1.67501,0.60323,0.61047,0.61747,0.35789,0.60323,0.61047,0.62044,0.36361,1.16642,2.00662,2.22679,1.28702,0.00100137,0.00100137,0.00100137
123,565.15,1.68029,3.17862,2.08287,1.61962,0.60323,0.61047,0.61747,0.35789,0.60323,0.61047,0.62044,0.36361,1.16642,2.00662,2.22679,1.28702,0.000995866,0.000995866,0.000995866
124,570.492,1.53688,2.89749,2.27088,1.60858,0.60323,0.61047,0.61747,0.35789,0.60323,0.61047,0.62044,0.36361,1.16642,2.00662,2.22679,1.28702,0.000990365,0.000990365,0.000990365
125,575.632,1.63504,2.93603,2.05187,1.54234,0.60323,0.61047,0.61747,0.35789,0.60323,0.61047,0.62044,0.36361,1.16642,2.00662,2.22679,1.28702,0.000984864,0.000984864,0.000984864
126,580.465,1.68024,3.30211,2.15128,1.6259,0.64726,0.64883,0.63819,0.39141,0.64726,0.64883,0.64044,0.38735,1.06549,1.88028,2.13324,1.23963,0.000979362,0.000979362,0.000979362
127,585.296,1.58531,3.18336,2.02756,1.5743,0.64726,0.64883,0.63819,0.39141,0.64726,0.64883,0.64044,0.38735,1.06549,1.88028,2.13324,1.23963,0.000973861,0.000973861,0.000973861
128,590.117,1.68993,3.14892,1.99529,1.66599,0.64726,0.64883,0.63819,0.39141,0.64726,0.64883,0.64044,0.38735,1.06549,1.88028,2.13324,1.23963,0.00096836,0.00096836,0.00096836
129,594.888,1.52521,3.39438,2.15232,1.54752,0.64726,0.64883,0.63819,0.39141,0.64726,0.64883,0.64044,0.38735,1.06549,1.88028,2.13324,1.23963,0.000962859,0.000962859,0.000962859
130,599.363,1.32011,2.33596,1.95158,1.37269,0.54224,0.7186,0.66853,0.42861,0.54224,0.7186,0.66853,0.44185,1.02754,1.78753,1.92946,1.20677,0.000957358,0.000957358,0.000957358
131,604.155,1.84471,3.53469,2.15192,1.71248,0.54224,0.7186,0.66853,0.42861,0.54224,0.7186,0.66853,0.44185,1.02754,1.78753,1.92946,1.20677,0.000951857,0.000951857,0.000951857
132,608.626,1.59795,2.99767,2.0556,1.57229,0.54224,0.7186,0.66853,0.42861,0.54224,0.7186,0.66853,0.44185,1.02754,1.78753,1.92946,1.20677,0.000946356,0.000946356,0.000946356
133,613.152,1.63606,3.34638,2.04057,1.55177,0.54224,0.7186,0.66853,0.42861,0.54224,0.7186,0.66853,0.44185,1.02754,1.78753,1.92946,1.20677,0.000940855,0.000940855,0.000940855
134,617.928,1.82734,3.40853,2.20083,1.69283,0.49207,0.7655,0.63413,0.42064,0.47316,0.73794,0.62584,0.4274,1.00795,1.80835,1.85871,1.19421,0.000935354,0.000935354,0.000935354
135,622.703,1.65016,3.33072,2.24559,1.63357,0.49207,0.7655,0.63413,0.42064,0.47316,0.73794,0.62584,0.4274,1.00795,1.80835,1.85871,1.19421,0.000929853,0.000929853,0.000929853
136,627.318,1.50893,2.70111,1.99767,1.53765,0.49207,0.7655,0.63413,0.42064,0.47316,0.73794,0.62584,0.4274,1.00795,1.80835,1.85871,1.19421,0.000924352,0.000924352,0.000924352
137,631.995,1.50984,3.03211,2.22222,1.55334,0.49207,0.7655,0.63413,0.42064,0.47316,0.73794,0.62584,0.4274,1.00795,1.80835,1.85871,1.19421,0.00091885,0.00091885,0.00091885
138,636.57,1.80636,3.70329,2.31409,1.87374,0.52246,0.6519,0.61786,0.40368,0.49941,0.61056,0.58939,0.4125,1.0105,1.88668,1.88398,1.20162,0.000913349,0.000913349,0.000913349
139,641.225,1.77192,3.4667,2.32342,1.73812,0.52246,0.6519,0.61786,0.40368,0.49941,0.61056,0.58939,0.4125,1.0105,1.88668,1.88398,1.20162,0.000907848,0.000907848,0.000907848
140,645.725,1.4624,2.38716,2.59844,1.49211,0.52246,0.6519,0.61786,0.40368,0.49941,0.61056,0.58939,0.4125,1.0105,1.88668,1.88398,1.20162,0.000902347,0.000902347,0.000902347
141,650.375,1.683,3.32615,2.04587,1.64198,0.52246,0.6519,0.61786,0.40368,0.49941,0.61056,0.58939,0.4125,1.0105,1.88668,1.88398,1.20162,0.000896846,0.000896846,0.000896846
142,654.845,1.63347,3.21322,2.22592,1.63685,0.67595,0.49612,0.61913,0.41591,0.63088,0.45446,0.5857,0.4085,1.00595,1.98236,1.80777,1.20516,0.000891345,0.000891345,0.000891345
143,659.639,1.81415,3.51883,2.18899,1.72145,0.67595,0.49612,0.61913,0.41591,0.63088,0.45446,0.5857,0.4085,1.00595,1.98236,1.80777,1.20516,0.000885844,0.000885844,0.000885844
144,663.972,1.4417,2.68968,1.91391,1.43527,0.67595,0.49612,0.61913,0.41591,0.63088,0.45446,0.5857,0.4085,1.00595,1.98236,1.80777,1.20516,0.000880343,0.000880343,0.000880343
145,668.846,1.83637,4.06749,2.5005,1.8607,0.67595,0.49612,0.61913,0.41591,0.63088,0.45446,0.5857,0.4085,1.00595,1.98236,1.80777,1.20516,0.000874842,0.000874842,0.000874842
146,673.69,1.67701,3.25502,2.02556,1.59244,0.41683,0.70549,0.61041,0.39348,0.40325,0.70502,0.57804,0.38876,1.02669,2.03958,1.72133,1.21726,0.00086934,0.00086934,0.00086934
147,678.067,1.63193,3.1645,2.12254,1.63234,0.41683,0.70549,0.61041,0.39348,0.40325,0.70502,0.57804,0.38876,1.02669,2.03958,1.72133,1.21726,0.000863839,0.000863839,0.000863839
148,682.675,1.71074,3.39456,2.12687,1.63154,0.41683,0.70549,0.61041,0.39348,0.40325,0.70502,0.57804,0.38876,1.02669,2.03958,1.72133,1.21726,0.000858338,0.000858338,0.000858338
149,687.13,1.49915,2.98266,1.99079,1.47181,0.41683,0.70549,0.61041,0.39348,0.40325,0.70502,0.57804,0.38876,1.02669,2.03958,1.72133,1.21726,0.000852837,0.000852837,0.000852837
150,691.89,1.66882,3.28723,2.01729,1.56141,0.55905,0.5768,0.57239,0.3793,0.52168,0.53585,0.5536,0.37601,1.06122,2.01112,1.64264,1.22754,0.000847336,0.000847336,0.000847336
151,696.787,1.44588,2.85681,1.89692,1.36475,0.55905,0.5768,0.57239,0.3793,0.52168,0.53585,0.5536,0.37601,1.06122,2.01112,1.64264,1.22754,0.000841835,0.000841835,0.000841835
152,701.638,1.67961,3.12587,2.0815,1.56998,0.55905,0.5768,0.57239,0.3793,0.52168,0.53585,0.5536,0.37601,1.06122,2.01112,1.64264,1.22754,0.000836334,0.000836334,0.000836334
153,706.019,1.3873,2.58821,1.97835,1.38176,0.55905,0.5768,0.57239,0.3793,0.52168,0.53585,0.5536,0.37601,1.06122,2.01112,1.64264,1.22754,0.000830833,0.000830833,0.000830833
154,710.566,1.65718,3.45652,2.19698,1.63498,0.54661,0.61837,0.55594,0.38332,0.5264,0.58511,0.53146,0.37591,1.03046,1.91836,1.59539,1.21913,0.000825332,0.000825332,0.000825332
155,715,1.4031,2.83241,1.79338,1.45814,0.54661,0.61837,0.55594,0.38332,0.5264,0.58511,0.53146,0.37591,1.03046,1.91836,1.59539,1.21913,0.000819831,0.000819831,0.000819831
156,719.403,1.82495,3.57113,2.44557,1.70923,0.54661,0.61837,0.55594,0.38332,0.5264,0.58511,0.53146,0.37591,1.03046,1.91836,1.59539,1.21913,0.000814329,0.000814329,0.000814329
157,723.745,1.36189,2.8964,2.26004,1.51857,0.54661,0.61837,0.55594,0.38332,0.5264,0.58511,0.53146,0.37591,1.03046,1.91836,1.59539,1.21913,0.000808828,0.000808828,0.000808828
158,728.346,1.62093,3.00582,1.95879,1.55727,0.56,0.68217,0.58523,0.42116,0.5613,0.67054,0.57588,0.39922,1.01856,1.86483,1.51967,1.21057,0.000803327,0.000803327,0.000803327
159,733.137,1.90883,3.59588,2.39858,1.74342,0.56,0.68217,0.58523,0.42116,0.5613,0.67054,0.57588,0.39922,1.01856,1.86483,1.51967,1.21057,0.000797826,0.000797826,0.000797826
160,737.506,1.41304,2.57368,1.96709,1.4379,0.56,0.68217,0.58523,0.42116,0.5613,0.67054,0.57588,0.39922,1.01856,1.86483,1.51967,1.21057,0.000792325,0.000792325,0.000792325
161,741.857,1.45127,2.8872,1.84135,1.53922,0.56,0.68217,0.58523,0.42116,0.5613,0.67054,0.57588,0.39922,1.01856,1.86483,1.51967,1.21057,0.000786824,0.000786824,0.000786824
162,746.323,1.89995,3.51843,2.34894,1.82506,0.89213,0.59399,0.74425,0.54348,0.89213,0.59399,0.74425,0.4781,0.97575,1.85513,1.36188,1.18912,0.000781323,0.000781323,0.000781323
163,750.432,1.21362,2.24546,1.72329,1.39173,0.89213,0.59399,0.74425,0.54348,0.89213,0.59399,0.74425,0.4781,0.97575,1.85513,1.36188,1.18912,0.000775822,0.000775822,0.000775822
164,754.902,1.78751,3.31916,2.15433,1.71258,0.89213,0.59399,0.74425,0.54348,0.89213,0.59399,0.74425,0.4781,0.97575,1.85513,1.36188,1.18912,0.000770321,0.000770321,0.000770321
165,759.262,1.40584,2.38842,1.67958,1.3818,0.89213,0.59399,0.74425,0.54348,0.89213,0.59399,0.74425,0.4781,0.97575,1.85513,1.36188,1.18912,0.00076482,0.00076482,0.00076482
166,763.564,1.3206,2.445,1.93857,1.36599,0.87392,0.64858,0.78046,0.57562,0.87392,0.64858,0.78046,0.50771,0.90698,1.82592,1.25321,1.15528,0.000759318,0.000759318,0.000759318
167,768.127,1.57386,3.14586,2.0068,1.49464,0.87392,0.64858,0.78046,0.57562,0.87392,0.64858,0.78046,0.50771,0.90698,1.82592,1.25321,1.15528,0.000753817,0.000753817,0.000753817
168,772.85,1.64369,3.1914,1.93251,1.59115,0.87392,0.64858,0.78046,0.57562,0.87392,0.64858,0.78046,0.50771,0.90698,1.82592,1.25321,1.15528,0.000748316,0.000748316,0.000748316
169,777.54,1.2622,2.46459,1.91503,1.38326,0.87392,0.64858,0.78046,0.57562,0.87392,0.64858,0.78046,0.50771,0.90698,1.82592,1.25321,1.15528,0.000742815,0.000742815,0.000742815
170,781.797,1.44414,2.54549,1.8356,1.52296,0.80417,0.69617,0.78036,0.54718,0.80417,0.69617,0.78036,0.51289,0.90573,1.80448,1.2468,1.16193,0.000737314,0.000737314,0.000737314
171,786.661,1.72097,3.49823,2.19027,1.57006,0.80417,0.69617,0.78036,0.54718,0.80417,0.69617,0.78036,0.51289,0.90573,1.80448,1.2468,1.16193,0.000731813,0.000731813,0.000731813
172,791.231,1.68967,3.26962,2.11669,1.61252,0.80417,0.69617,0.78036,0.54718,0.80417,0.69617,0.78036,0.51289,0.90573,1.80448,1.2468,1.16193,0.000726312,0.000726312,0.000726312
173,795.613,1.49467,3.16271,2.181,1.52236,0.80417,0.69617,0.78036,0.54718,0.80417,0.69617,0.78036,0.51289,0.90573,1.80448,1.2468,1.16193,0.000720811,0.000720811,0.000720811
174,799.894,1.40762,2.671,1.93314,1.56448,0.652,0.76809,0.79002,0.56846,0.652,0.76809,0.79002,0.54995,0.91859,1.75461,1.23901,1.16809,0.00071531,0.00071531,0.00071531
175,804.229,1.6723,3.51127,1.96548,1.64006,0.652,0.76809,0.79002,0.56846,0.652,0.76809,0.79002,0.54995,0.91859,1.75461,1.23901,1.16809,0.000709809,0.000709809,0.000709809
176,808.557,1.37894,2.7469,1.82029,1.42816,0.652,0.76809,0.79002,0.56846,0.652,0.76809,0.79002,0.54995,0.91859,1.75461,1.23901,1.16809,0.000704307,0.000704307,0.000704307
177,813.133,1.88327,3.73716,2.38526,1.72872,0.652,0.76809,0.79002,0.56846,0.652,0.76809,0.79002,0.54995,0.91859,1.75461,1.23901,1.16809,0.000698806,0.000698806,0.000698806
178,817.649,1.64865,3.72381,2.24122,1.66228,0.7169,0.7655,0.81375,0.59559,0.7169,0.7655,0.82401,0.59914,0.93169,1.70297,1.23731,1.16117,0.000693305,0.000693305,0.000693305
179,822.344,1.4514,2.78631,1.89131,1.38402,0.7169,0.7655,0.81375,0.59559,0.7169,0.7655,0.82401,0.59914,0.93169,1.70297,1.23731,1.16117,0.000687804,0.000687804,0.000687804
180,827.56,1.98633,3.81319,2.51875,1.86345,0.7169,0.7655,0.81375,0.59559,0.7169,0.7655,0.82401,0.59914,0.93169,1.70297,1.23731,1.16117,0.000682303,0.000682303,0.000682303
181,831.933,1.48498,2.62072,1.95547,1.55577,0.7169,0.7655,0.81375,0.59559,0.7169,0.7655,0.82401,0.59914,0.93169,1.70297,1.23731,1.16117,0.000676802,0.000676802,0.000676802
182,836.373,1.73819,3.34067,2.55911,1.77801,0.68097,0.75388,0.80506,0.59318,0.68097,0.75388,0.8146,0.60098,0.92301,1.63941,1.25524,1.14183,0.000671301,0.000671301,0.000671301
183,841.455,2.12143,4.10306,2.56141,1.89081,0.68097,0.75388,0.80506,0.59318,0.68097,0.75388,0.8146,0.60098,0.92301,1.63941,1.25524,1.14183,0.0006658,0.0006658,0.0006658
184,845.75,1.48861,2.75989,1.95898,1.51561,0.68097,0.75388,0.80506,0.59318,0.68097,0.75388,0.8146,0.60098,0.92301,1.63941,1.25524,1.14183,0.000660299,0.000660299,0.000660299
185,850.363,1.51487,2.75531,1.8487,1.52249,0.68097,0.75388,0.80506,0.59318,0.68097,0.75388,0.8146,0.60098,0.92301,1.63941,1.25524,1.14183,0.000654798,0.000654798,0.000654798
186,854.921,1.66525,3.4753,2.07288,1.65281,0.67777,0.77129,0.80349,0.60724,0.67777,0.77129,0.81386,0.6164,0.89612,1.54598,1.32925,1.11444,0.000649297,0.000649297,0.000649297
187,859.466,1.81216,3.72672,2.2211,1.78889,0.67777,0.77129,0.80349,0.60724,0.67777,0.77129,0.81386,0.6164,0.89612,1.54598,1.32925,1.11444,0.000643795,0.000643795,0.000643795
188,864.15,1.69841,3.51051,2.16068,1.72774,0.67777,0.77129,0.80349,0.60724,0.67777,0.77129,0.81386,0.6164,0.89612,1.54598,1.32925,1.11444,0.000638294,0.000638294,0.000638294
189,868.785,1.66644,3.38772,2.12463,1.64024,0.67777,0.77129,0.80349,0.60724,0.67777,0.77129,0.81386,0.6164,0.89612,1.54598,1.32925,1.11444,0.000632793,0.000632793,0.000632793
190,873.498,1.69748,3.54784,2.158,1.66031,0.75446,0.76239,0.817,0.6121,0.75446,0.76239,0.817,0.60852,0.89984,1.52458,1.34665,1.10663,0.000627292,0.000627292,0.000627292
191,878.048,1.6232,3.2835,2.19485,1.64301,0.75446,0.76239,0.817,0.6121,0.75446,0.76239,0.817,0.60852,0.89984,1.52458,1.34665,1.10663,0.000621791,0.000621791,0.000621791
192,882.456,1.40828,2.81762,1.77555,1.42672,0.75446,0.76239,0.817,0.6121,0.75446,0.76239,0.817,0.60852,0.89984,1.52458,1.34665,1.10663,0.00061629,0.00061629,0.00061629
193,886.955,1.666,3.70159,2.35606,1.65488,0.75446,0.76239,0.817,0.6121,0.75446,0.76239,0.817,0.60852,0.89984,1.52458,1.34665,1.10663,0.000610789,0.000610789,0.000610789
194,891.488,1.61545,3.43217,2.28071,1.66635,0.75813,0.77713,0.80619,0.60422,0.75813,0.77713,0.80619,0.59514,0.89138,1.51812,1.36669,1.10379,0.000605288,0.000605288,0.000605288
195,896.135,1.70707,3.55126,2.14693,1.68944,0.75813,0.77713,0.80619,0.60422,0.75813,0.77713,0.80619,0.59514,0.89138,1.51812,1.36669,1.10379,0.000599787,0.000599787,0.000599787
196,900.522,1.45919,2.98798,1.97106,1.53738,0.75813,0.77713,0.80619,0.60422,0.75813,0.77713,0.80619,0.59514,0.89138,1.51812,1.36669,1.10379,0.000594286,0.000594286,0.000594286
197,905.166,1.60304,3.12329,1.93807,1.54197,0.75813,0.77713,0.80619,0.60422,0.75813,0.77713,0.80619,0.59514,0.89138,1.51812,1.36669,1.10379,0.000588784,0.000588784,0.000588784
198,909.521,1.22791,2.61964,1.81675,1.41954,0.71099,0.81202,0.80592,0.60384,0.71099,0.81202,0.80592,0.59554,0.87811,1.50021,1.42124,1.10159,0.000583283,0.000583283,0.000583283
199,914.062,1.23396,2.39564,1.72259,1.39406,0.71099,0.81202,0.80592,0.60384,0.71099,0.81202,0.80592,0.59554,0.87811,1.50021,1.42124,1.10159,0.000577782,0.000577782,0.000577782
200,918.436,1.33801,2.77826,1.78833,1.35319,0.71099,0.81202,0.80592,0.60384,0.71099,0.81202,0.80592,0.59554,0.87811,1.50021,1.42124,1.10159,0.000572281,0.000572281,0.000572281
201,923.061,1.42917,2.66013,2.65576,1.5187,0.71099,0.81202,0.80592,0.60384,0.71099,0.81202,0.80592,0.59554,0.87811,1.50021,1.42124,1.10159,0.00056678,0.00056678,0.00056678
202,927.463,1.22441,2.47771,1.62172,1.34698,0.74451,0.7167,0.79353,0.59709,0.74451,0.7167,0.79353,0.58444,0.88424,1.48377,1.45265,1.11206,0.000561279,0.000561279,0.000561279
203,932.06,1.73731,3.46792,2.0615,1.70426,0.74451,0.7167,0.79353,0.59709,0.74451,0.7167,0.79353,0.58444,0.88424,1.48377,1.45265,1.11206,0.000555778,0.000555778,0.000555778
204,936.683,1.56206,3.13663,1.89423,1.54651,0.74451,0.7167,0.79353,0.59709,0.74451,0.7167,0.79353,0.58444,0.88424,1.48377,1.45265,1.11206,0.000550277,0.000550277,0.000550277
205,941.332,1.62565,3.39298,2.04976,1.67799,0.74451,0.7167,0.79353,0.59709,0.74451,0.7167,0.79353,0.58444,0.88424,1.48377,1.45265,1.11206,0.000544776,0.000544776,0.000544776
206,945.806,1.48105,3.08732,1.8373,1.54464,0.74726,0.74031,0.75989,0.58418,0.74726,0.74031,0.75989,0.55735,0.87989,1.48547,1.44096,1.11809,0.000539275,0.000539275,0.000539275
207,950.724,1.33627,2.64831,1.88668,1.46812,0.74726,0.74031,0.75989,0.58418,0.74726,0.74031,0.75989,0.55735,0.87989,1.48547,1.44096,1.11809,0.000533773,0.000533773,0.000533773
208,955.858,1.53848,3.34184,1.87613,1.53079,0.74726,0.74031,0.75989,0.58418,0.74726,0.74031,0.75989,0.55735,0.87989,1.48547,1.44096,1.11809,0.000528272,0.000528272,0.000528272
209,960.298,1.70492,3.53525,2.07541,1.73344,0.74726,0.74031,0.75989,0.58418,0.74726,0.74031,0.75989,0.55735,0.87989,1.48547,1.44096,1.11809,0.000522771,0.000522771,0.000522771
210,964.797,1.37829,2.79298,1.80946,1.4999,0.7485,0.77519,0.79933,0.6165,0.7485,0.77519,0.79933,0.58235,0.85227,1.4807,1.33314,1.10694,0.00051727,0.00051727,0.00051727
211,969.399,1.32436,2.80001,1.90363,1.33141,0.7485,0.77519,0.79933,0.6165,0.7485,0.77519,0.79933,0.58235,0.85227,1.4807,1.33314,1.10694,0.000511769,0.000511769,0.000511769
212,973.807,1.22937,2.46839,1.8882,1.42602,0.7485,0.77519,0.79933,0.6165,0.7485,0.77519,0.79933,0.58235,0.85227,1.4807,1.33314,1.10694,0.000506268,0.000506268,0.000506268
213,978.187,1.07183,1.83119,1.68949,1.27092,0.7485,0.77519,0.79933,0.6165,0.7485,0.77519,0.79933,0.58235,0.85227,1.4807,1.33314,1.10694,0.000500767,0.000500767,0.000500767
214,982.885,1.62436,3.21479,1.93881,1.59752,0.80678,0.83065,0.84009,0.65158,0.81817,0.84168,0.85346,0.61587,0.85023,1.44153,1.24611,1.10427,0.000495266,0.000495266,0.000495266
215,987.378,1.53443,2.94257,1.96826,1.54466,0.80678,0.83065,0.84009,0.65158,0.81817,0.84168,0.85346,0.61587,0.85023,1.44153,1.24611,1.10427,0.000489765,0.000489765,0.000489765
216,991.842,1.45479,2.69335,1.72553,1.46588,0.80678,0.83065,0.84009,0.65158,0.81817,0.84168,0.85346,0.61587,0.85023,1.44153,1.24611,1.10427,0.000484263,0.000484263,0.000484263
217,996.093,1.34919,2.66072,1.61539,1.41365,0.80678,0.83065,0.84009,0.65158,0.81817,0.84168,0.85346,0.61587,0.85023,1.44153,1.24611,1.10427,0.000478762,0.000478762,0.000478762
218,1000.76,1.32087,2.55908,1.72807,1.42132,0.83432,0.81202,0.84844,0.66547,0.8479,0.82364,0.86044,0.63016,0.84859,1.42698,1.18909,1.1025,0.000473261,0.000473261,0.000473261
219,1005.35,1.46008,2.90995,1.85676,1.50693,0.83432,0.81202,0.84844,0.66547,0.8479,0.82364,0.86044,0.63016,0.84859,1.42698,1.18909,1.1025,0.00046776,0.00046776,0.00046776
220,1009.87,1.4808,2.94914,1.86491,1.44265,0.83432,0.81202,0.84844,0.66547,0.8479,0.82364,0.86044,0.63016,0.84859,1.42698,1.18909,1.1025,0.000462259,0.000462259,0.000462259
221,1014.16,0.97506,1.94139,1.44975,1.20762,0.83432,0.81202,0.84844,0.66547,0.8479,0.82364,0.86044,0.63016,0.84859,1.42698,1.18909,1.1025,0.000456758,0.000456758,0.000456758
222,1018.56,1.37638,2.79863,1.89809,1.49854,0.85124,0.80039,0.85476,0.67287,0.865,0.81202,0.86515,0.63797,0.8297,1.41547,1.16679,1.08319,0.000451257,0.000451257,0.000451257
223,1022.98,1.16224,2.13337,1.48511,1.24268,0.85124,0.80039,0.85476,0.67287,0.865,0.81202,0.86515,0.63797,0.8297,1.41547,1.16679,1.08319,0.000445756,0.000445756,0.000445756
224,1027.52,1.48469,2.88443,1.79562,1.43551,0.85124,0.80039,0.85476,0.67287,0.865,0.81202,0.86515,0.63797,0.8297,1.41547,1.16679,1.08319,0.000440255,0.000440255,0.000440255
225,1032.05,1.43309,2.92907,2.49061,1.52984,0.85124,0.80039,0.85476,0.67287,0.865,0.81202,0.86515,0.63797,0.8297,1.41547,1.16679,1.08319,0.000434754,0.000434754,0.000434754
226,1036.59,1.18594,2.4967,1.73269,1.29887,0.84967,0.77713,0.84347,0.6574,0.84967,0.77713,0.84538,0.61013,0.80491,1.42045,1.22226,1.0672,0.000429253,0.000429253,0.000429253
227,1041.09,1.38848,2.96979,1.6663,1.48363,0.84967,0.77713,0.84347,0.6574,0.84967,0.77713,0.84538,0.61013,0.80491,1.42045,1.22226,1.0672,0.000423751,0.000423751,0.000423751
228,1045.67,1.61289,3.32068,2.16372,1.69092,0.84967,0.77713,0.84347,0.6574,0.84967,0.77713,0.84538,0.61013,0.80491,1.42045,1.22226,1.0672,0.00041825,0.00041825,0.00041825
229,1050.31,1.56171,3.16991,2.11942,1.56231,0.84967,0.77713,0.84347,0.6574,0.84967,0.77713,0.84538,0.61013,0.80491,1.42045,1.22226,1.0672,0.000412749,0.000412749,0.000412749
230,1054.89,1.4198,3.18048,1.83519,1.47269,0.84559,0.71357,0.82648,0.64209,0.84559,0.71357,0.82648,0.60104,0.81094,1.43004,1.28489,1.06566,0.000407248,0.000407248,0.000407248
231,1059.54,1.37498,2.4695,1.75362,1.42781,0.84559,0.71357,0.82648,0.64209,0.84559,0.71357,0.82648,0.60104,0.81094,1.43004,1.28489,1.06566,0.000401747,0.000401747,0.000401747
232,1064.53,1.53083,2.87828,1.86163,1.54996,0.84559,0.71357,0.82648,0.64209,0.84559,0.71357,0.82648,0.60104,0.81094,1.43004,1.28489,1.06566,0.000396246,0.000396246,0.000396246
233,1069.16,1.59013,3.10341,1.9167,1.59015,0.84559,0.71357,0.82648,0.64209,0.84559,0.71357,0.82648,0.60104,0.81094,1.43004,1.28489,1.06566,0.000390745,0.000390745,0.000390745
234,1073.64,1.39257,2.82729,1.82042,1.36076,0.73446,0.83355,0.84676,0.64307,0.73446,0.83355,0.84676,0.59657,0.82932,1.44645,1.32359,1.06987,0.000385244,0.000385244,0.000385244
235,1078.25,1.28615,2.44941,1.79008,1.40948,0.73446,0.83355,0.84676,0.64307,0.73446,0.83355,0.84676,0.59657,0.82932,1.44645,1.32359,1.06987,0.000379743,0.000379743,0.000379743
236,1083.25,1.38897,2.70382,1.79544,1.39309,0.73446,0.83355,0.84676,0.64307,0.73446,0.83355,0.84676,0.59657,0.82932,1.44645,1.32359,1.06987,0.000374242,0.000374242,0.000374242
237,1087.67,1.33772,2.77821,1.78338,1.40699,0.73446,0.83355,0.84676,0.64307,0.73446,0.83355,0.84676,0.59657,0.82932,1.44645,1.32359,1.06987,0.00036874,0.00036874,0.00036874
238,1092.03,1.56764,2.65068,1.98204,1.60125,0.91611,0.69603,0.84561,0.66325,0.91611,0.69603,0.84561,0.58908,0.82547,1.44074,1.32844,1.06728,0.000363239,0.000363239,0.000363239
239,1096.64,1.32609,2.62142,2.26438,1.36797,0.91611,0.69603,0.84561,0.66325,0.91611,0.69603,0.84561,0.58908,0.82547,1.44074,1.32844,1.06728,0.000357738,0.000357738,0.000357738
240,1100.98,1.15575,2.4203,1.54192,1.24258,0.91611,0.69603,0.84561,0.66325,0.91611,0.69603,0.84561,0.58908,0.82547,1.44074,1.32844,1.06728,0.000352237,0.000352237,0.000352237
241,1105.52,1.55946,2.7974,1.85202,1.46343,0.91611,0.69603,0.84561,0.66325,0.91611,0.69603,0.84561,0.58908,0.82547,1.44074,1.32844,1.06728,0.000346736,0.000346736,0.000346736
242,1110.06,1.61651,3.46099,2.10937,1.69512,0.89958,0.73062,0.84467,0.6647,0.89958,0.73062,0.84467,0.63465,0.79928,1.40148,1.28249,1.05611,0.000341235,0.000341235,0.000341235
243,1114.72,1.60507,3.01016,1.86656,1.60145,0.89958,0.73062,0.84467,0.6647,0.89958,0.73062,0.84467,0.63465,0.79928,1.40148,1.28249,1.05611,0.000335734,0.000335734,0.000335734
244,1119.06,1.19847,2.35296,1.57472,1.34882,0.89958,0.73062,0.84467,0.6647,0.89958,0.73062,0.84467,0.63465,0.79928,1.40148,1.28249,1.05611,0.000330233,0.000330233,0.000330233
245,1123.55,1.44425,3.13628,1.74737,1.50919,0.89958,0.73062,0.84467,0.6647,0.89958,0.73062,0.84467,0.63465,0.79928,1.40148,1.28249,1.05611,0.000324732,0.000324732,0.000324732
246,1128.3,1.53353,3.14223,1.81687,1.48768,0.87747,0.75572,0.85855,0.69513,0.87747,0.75572,0.85855,0.6509,0.76959,1.34772,1.20563,1.04096,0.000319231,0.000319231,0.000319231
247,1132.82,1.29005,2.33266,1.60231,1.33348,0.87747,0.75572,0.85855,0.69513,0.87747,0.75572,0.85855,0.6509,0.76959,1.34772,1.20563,1.04096,0.000313729,0.000313729,0.000313729
248,1137.32,1.42094,2.5545,1.99608,1.52036,0.87747,0.75572,0.85855,0.69513,0.87747,0.75572,0.85855,0.6509,0.76959,1.34772,1.20563,1.04096,0.000308228,0.000308228,0.000308228
249,1142.15,1.57314,3.48627,2.07488,1.64222,0.87747,0.75572,0.85855,0.69513,0.87747,0.75572,0.85855,0.6509,0.76959,1.34772,1.20563,1.04096,0.000302727,0.000302727,0.000302727
250,1146.66,1.45766,3.15833,1.92068,1.53667,0.87055,0.78984,0.87341,0.71877,0.87055,0.78984,0.87341,0.68254,0.73708,1.28901,1.12565,1.02902,0.000297226,0.000297226,0.000297226
251,1151.06,1.45153,2.9202,1.79286,1.44972,0.87055,0.78984,0.87341,0.71877,0.87055,0.78984,0.87341,0.68254,0.73708,1.28901,1.12565,1.02902,0.000291725,0.000291725,0.000291725
252,1155.36,1.23925,2.50207,1.56314,1.33161,0.87055,0.78984,0.87341,0.71877,0.87055,0.78984,0.87341,0.68254,0.73708,1.28901,1.12565,1.02902,0.000286224,0.000286224,0.000286224
253,1159.84,1.39547,2.84151,1.82588,1.47926,0.87055,0.78984,0.87341,0.71877,0.87055,0.78984,0.87341,0.68254,0.73708,1.28901,1.12565,1.02902,0.000280723,0.000280723,0.000280723
254,1164.3,1.07534,1.94369,1.48225,1.18204,0.91992,0.77038,0.88173,0.71686,0.91992,0.77038,0.88173,0.68842,0.71858,1.24821,1.06836,1.0224,0.000275222,0.000275222,0.000275222
255,1168.85,1.41042,2.63759,1.67661,1.36905,0.91992,0.77038,0.88173,0.71686,0.91992,0.77038,0.88173,0.68842,0.71858,1.24821,1.06836,1.0224,0.000269721,0.000269721,0.000269721
256,1173.27,1.03696,2.11312,2.44119,1.20077,0.91992,0.77038,0.88173,0.71686,0.91992,0.77038,0.88173,0.68842,0.71858,1.24821,1.06836,1.0224,0.00026422,0.00026422,0.00026422
257,1177.58,1.34672,2.60722,1.75556,1.38883,0.91992,0.77038,0.88173,0.71686,0.91992,0.77038,0.88173,0.68842,0.71858,1.24821,1.06836,1.0224,0.000258718,0.000258718,0.000258718
258,1182.16,1.49033,2.94238,1.83104,1.48818,0.91827,0.77959,0.89035,0.72452,0.91827,0.77959,0.89035,0.71599,0.70312,1.22097,1.04035,1.01764,0.000253217,0.000253217,0.000253217
259,1186.67,1.18892,2.32533,1.7581,1.27928,0.91827,0.77959,0.89035,0.72452,0.91827,0.77959,0.89035,0.71599,0.70312,1.22097,1.04035,1.01764,0.000247716,0.000247716,0.000247716
260,1191.35,1.50228,3.06119,1.86413,1.54126,0.91827,0.77959,0.89035,0.72452,0.91827,0.77959,0.89035,0.71599,0.70312,1.22097,1.04035,1.01764,0.000242215,0.000242215,0.000242215
261,1196.14,1.52522,3.17107,1.85361,1.5233,0.91827,0.77959,0.89035,0.72452,0.91827,0.77959,0.89035,0.71599,0.70312,1.22097,1.04035,1.01764,0.000236714,0.000236714,0.000236714
262,1200.7,1.34551,2.56119,1.60229,1.35013,0.92039,0.77465,0.89448,0.73004,0.92039,0.77465,0.89448,0.7108,0.68882,1.20605,0.99531,1.01083,0.000231213,0.000231213,0.000231213
263,1205.46,1.591,2.82196,1.76615,1.54133,0.92039,0.77465,0.89448,0.73004,0.92039,0.77465,0.89448,0.7108,0.68882,1.20605,0.99531,1.01083,0.000225712,0.000225712,0.000225712
264,1210.81,1.72741,3.7312,2.27133,1.75239,0.92039,0.77465,0.89448,0.73004,0.92039,0.77465,0.89448,0.7108,0.68882,1.20605,0.99531,1.01083,0.000220211,0.000220211,0.000220211
265,1215.45,1.4998,2.88404,1.84579,1.47907,0.92039,0.77465,0.89448,0.73004,0.92039,0.77465,0.89448,0.7108,0.68882,1.20605,0.99531,1.01083,0.00021471,0.00021471,0.00021471
266,1219.92,1.61503,2.97441,2.01525,1.54757,0.80627,0.83012,0.88755,0.73763,0.80627,0.83012,0.88755,0.71384,0.68284,1.20643,0.95508,1.00534,0.000209209,0.000209209,0.000209209
267,1224.38,1.17007,2.24462,1.63899,1.30732,0.80627,0.83012,0.88755,0.73763,0.80627,0.83012,0.88755,0.71384,0.68284,1.20643,0.95508,1.00534,0.000203707,0.000203707,0.000203707
268,1229.02,1.3142,2.92165,1.94868,1.43734,0.80627,0.83012,0.88755,0.73763,0.80627,0.83012,0.88755,0.71384,0.68284,1.20643,0.95508,1.00534,0.000198206,0.000198206,0.000198206
269,1233.45,1.37737,3.01109,1.63528,1.41346,0.80627,0.83012,0.88755,0.73763,0.80627,0.83012,0.88755,0.71384,0.68284,1.20643,0.95508,1.00534,0.000192705,0.000192705,0.000192705
270,1237.92,1.54438,2.91271,2.19787,1.58328,0.87708,0.7655,0.88595,0.73703,0.87708,0.7655,0.88595,0.70814,0.6833,1.20963,0.95435,1.007,0.000187204,0.000187204,0.000187204
271,1242.54,1.71568,3.2797,1.96302,1.62161,0.87708,0.7655,0.88595,0.73703,0.87708,0.7655,0.88595,0.70814,0.6833,1.20963,0.95435,1.007,0.000181703,0.000181703,0.000181703
272,1247.01,1.74002,3.60239,2.28676,1.7077,0.87708,0.7655,0.88595,0.73703,0.87708,0.7655,0.88595,0.70814,0.6833,1.20963,0.95435,1.007,0.000176202,0.000176202,0.000176202
273,1251.57,1.26634,2.23607,1.72631,1.35966,0.87708,0.7655,0.88595,0.73703,0.87708,0.7655,0.88595,0.70814,0.6833,1.20963,0.95435,1.007,0.000170701,0.000170701,0.000170701
274,1256.03,1.48859,3.12188,1.91781,1.52015,0.84646,0.81081,0.89103,0.73756,0.84646,0.81081,0.89103,0.7135,0.6824,1.20921,0.94427,1.00285,0.0001652,0.0001652,0.0001652
275,1260.8,1.52719,3.09729,1.71655,1.51165,0.84646,0.81081,0.89103,0.73756,0.84646,0.81081,0.89103,0.7135,0.6824,1.20921,0.94427,1.00285,0.000159699,0.000159699,0.000159699
276,1265.54,1.70824,3.04711,1.93823,1.61562,0.84646,0.81081,0.89103,0.73756,0.84646,0.81081,0.89103,0.7135,0.6824,1.20921,0.94427,1.00285,0.000154198,0.000154198,0.000154198
277,1270.11,1.37377,3.06081,1.63613,1.40424,0.84646,0.81081,0.89103,0.73756,0.84646,0.81081,0.89103,0.7135,0.6824,1.20921,0.94427,1.00285,0.000148696,0.000148696,0.000148696
278,1274.67,1.60709,2.81945,1.82541,1.5426,0.84799,0.82408,0.89727,0.7492,0.84799,0.82408,0.89727,0.7183,0.68018,1.20611,0.93077,0.99867,0.000143195,0.000143195,0.000143195
279,1279.33,1.43322,2.80572,1.80349,1.43539,0.84799,0.82408,0.89727,0.7492,0.84799,0.82408,0.89727,0.7183,0.68018,1.20611,0.93077,0.99867,0.000137694,0.000137694,0.000137694
280,1283.81,1.58149,3.25129,2.03306,1.50083,0.84799,0.82408,0.89727,0.7492,0.84799,0.82408,0.89727,0.7183,0.68018,1.20611,0.93077,0.99867,0.000132193,0.000132193,0.000132193
281,1288.44,1.4072,2.66684,1.78999,1.40969,0.84799,0.82408,0.89727,0.7492,0.84799,0.82408,0.89727,0.7183,0.68018,1.20611,0.93077,0.99867,0.000126692,0.000126692,0.000126692
282,1293.08,1.32495,2.65666,1.82391,1.45752,0.84856,0.83165,0.8973,0.7531,0.84856,0.83165,0.8973,0.73284,0.67913,1.20304,0.91604,0.99362,0.000121191,0.000121191,0.000121191
283,1297.5,1.23505,2.59696,1.71031,1.31898,0.84856,0.83165,0.8973,0.7531,0.84856,0.83165,0.8973,0.73284,0.67913,1.20304,0.91604,0.99362,0.00011569,0.00011569,0.00011569
284,1301.98,1.36142,3.12574,1.7431,1.45577,0.84856,0.83165,0.8973,0.7531,0.84856,0.83165,0.8973,0.73284,0.67913,1.20304,0.91604,0.99362,0.000110189,0.000110189,0.000110189
285,1306.29,1.29746,2.42479,1.61831,1.32574,0.84856,0.83165,0.8973,0.7531,0.84856,0.83165,0.8973,0.73284,0.67913,1.20304,0.91604,0.99362,0.000104688,0.000104688,0.000104688
286,1310.96,1.68236,3.56738,2.07099,1.71446,0.84892,0.83527,0.90801,0.76593,0.84892,0.83527,0.90801,0.7295,0.68358,1.20199,0.92735,0.99605,9.91865e-05,9.91865e-05,9.91865e-05
287,1315.5,1.4543,3.52372,2.11186,1.55922,0.84892,0.83527,0.90801,0.76593,0.84892,0.83527,0.90801,0.7295,0.68358,1.20199,0.92735,0.99605,9.36854e-05,9.36854e-05,9.36854e-05
288,1319.9,1.28096,2.97226,1.72695,1.38391,0.84892,0.83527,0.90801,0.76593,0.84892,0.83527,0.90801,0.7295,0.68358,1.20199,0.92735,0.99605,8.81843e-05,8.81843e-05,8.81843e-05
289,1324.35,1.30528,2.72635,1.80642,1.38969,0.84892,0.83527,0.90801,0.76593,0.84892,0.83527,0.90801,0.7295,0.68358,1.20199,0.92735,0.99605,8.26832e-05,8.26832e-05,8.26832e-05
290,1329.09,1.68047,3.44966,2.03455,1.6192,0.85293,0.83527,0.91856,0.77116,0.85293,0.83527,0.91856,0.74691,0.683,1.20413,0.91902,0.99586,7.71821e-05,7.71821e-05,7.71821e-05
291,1333.31,0.81436,1.72821,2.17128,1.08229,0.85293,0.83527,0.91856,0.77116,0.85293,0.83527,0.91856,0.74691,0.683,1.20413,0.91902,0.99586,7.1681e-05,7.1681e-05,7.1681e-05
292,1337.79,0.97467,1.8425,2.25593,1.23414,0.85293,0.83527,0.91856,0.77116,0.85293,0.83527,0.91856,0.74691,0.683,1.20413,0.91902,0.99586,6.61799e-05,6.61799e-05,6.61799e-05
293,1341.69,0.82392,1.68139,2.00497,1.13389,0.85293,0.83527,0.91856,0.77116,0.85293,0.83527,0.91856,0.74691,0.683,1.20413,0.91902,0.99586,6.06788e-05,6.06788e-05,6.06788e-05
294,1345.67,0.94095,1.77004,2.19771,1.14569,0.90588,0.77713,0.91454,0.76248,0.90588,0.77713,0.91454,0.74244,0.68719,1.22053,0.95348,0.99968,5.51777e-05,5.51777e-05,5.51777e-05
295,1349.59,1.03049,1.78704,2.03328,1.09693,0.90588,0.77713,0.91454,0.76248,0.90588,0.77713,0.91454,0.74244,0.68719,1.22053,0.95348,0.99968,4.96766e-05,4.96766e-05,4.96766e-05
296,1353.53,1.22262,2.19764,2.60849,1.31164,0.90588,0.77713,0.91454,0.76248,0.90588,0.77713,0.91454,0.74244,0.68719,1.22053,0.95348,0.99968,4.41755e-05,4.41755e-05,4.41755e-05
297,1357.41,1.14084,2.08262,2.81779,1.35343,0.90588,0.77713,0.91454,0.76248,0.90588,0.77713,0.91454,0.74244,0.68719,1.22053,0.95348,0.99968,3.86744e-05,3.86744e-05,3.86744e-05
298,1361.38,0.87905,1.60975,2.02568,1.12087,0.92,0.77713,0.90734,0.76404,0.92,0.77713,0.90734,0.7115,0.68679,1.24812,1.02356,1.0032,3.31733e-05,3.31733e-05,3.31733e-05
299,1365.34,0.8642,1.68374,1.83673,1.11677,0.92,0.77713,0.90734,0.76404,0.92,0.77713,0.90734,0.7115,0.68679,1.24812,1.02356,1.0032,2.76722e-05,2.76722e-05,2.76722e-05
300,1369.3,0.87301,1.6842,1.67469,1.13384,0.92,0.77713,0.90734,0.76404,0.92,0.77713,0.90734,0.7115,0.68679,1.24812,1.02356,1.0032,2.21711e-05,2.21711e-05,2.21711e-05
